-- phpMyAdmin SQL Dump
-- version 5.1.1
-- https://www.phpmyadmin.net/
--
-- Host: 127.0.0.1
-- Generation Time: Mar 09, 2022 at 07:37 AM
-- Server version: 10.4.21-MariaDB
-- PHP Version: 7.4.23

SET SQL_MODE = "NO_AUTO_VALUE_ON_ZERO";
START TRANSACTION;
SET time_zone = "+00:00";


/*!40101 SET @OLD_CHARACTER_SET_CLIENT=@@CHARACTER_SET_CLIENT */;
/*!40101 SET @OLD_CHARACTER_SET_RESULTS=@@CHARACTER_SET_RESULTS */;
/*!40101 SET @OLD_COLLATION_CONNECTION=@@COLLATION_CONNECTION */;
/*!40101 SET NAMES utf8mb4 */;

--
-- Database: `spk_keluarga`
--

-- --------------------------------------------------------

--
-- Table structure for table `keluarga`
--

CREATE TABLE `keluarga` (
  `nik` char(16) NOT NULL,
  `no_kk` char(16) DEFAULT NULL,
  `kepala_keluarga` varchar(40) DEFAULT NULL,
  `rt` varchar(2) DEFAULT NULL,
  `jenis_kelamin` enum('Laki-Laki','Perempuan') DEFAULT NULL
) ENGINE=InnoDB DEFAULT CHARSET=utf8mb4;

--
-- Dumping data for table `keluarga`
--

INSERT INTO `keluarga` (`nik`, `no_kk`, `kepala_keluarga`, `rt`, `jenis_kelamin`) VALUES
('1606010707670003', '3404060404190007', 'Zainudin', '1', 'Laki-Laki'),
('1671191904950004', '1671101511130003', 'Sholeh Apriantoni', '4', NULL),
('3312202203810001', '3312202208110003', 'Yohanes Agus Saptoto', '4', NULL),
('3324070401920002', '3404060808170002', 'Yanuar Noordin', '5', NULL),
('3325150101070001', '3323130710090002', 'Iskak', '4', NULL),
('3327090112870012', '3404061709130011', 'Astri Yonalis', '4', NULL),
('3401061005520001', '3404063001053416', 'Suwadi', '1', NULL),
('3402150502850002', '3404061202180006', 'Dwi Prasetyo', '2', NULL),
('3403083012690002', '3403081906090008', 'Budiarto', '6', NULL),
('3403110707790001', '3403112112100003', 'Endang', '6', NULL),
('3404023006750002', '3404022704060005', 'Sisbiyanto', '6', NULL),
('3404060101700001', '3404063001053401', 'Supanto', '3', NULL),
('3404060103630002', '3404062905060008', 'Legimin', '4', NULL),
('3404060108830001', '3404062509110009', 'Dwi Wahyudi', '1', NULL),
('3404060202590001', '3404061604120018', 'Muhammad Effendi Hamid', '4', NULL),
('3404060206540001', '3404063001053417', 'Suwanto', '2', NULL),
('3404060207840001', '3404062411070011', 'Sugeng Riyadi', '4', NULL),
('3404060207990002', '3404012381945818', 'Febri Landung Fitanto', '3', NULL),
('3404060208830001', '3404062011100007', 'Aan Sasongko', '2', NULL),
('3404060303700001', '3404063001053385', 'Yuliana', '4', NULL),
('3404060303810001', '3404063001052679', 'Ngadino', '3', NULL),
('3404060306890004', '3404060311150009', 'Hendra Prasetya', '5', NULL),
('3404060403830001', '3404062411150005', 'Dadi Hariyanto', '4', NULL),
('3404060407450001', '3404063001053386', 'Darjo Suprapto', '4', NULL),
('3404060407510002', '3404063001052676', 'Sugimin Suwito Harjono', '6', NULL),
('3404060407690002', '3404063001053399', 'Giyono', '3', NULL),
('3404060407690005', '3404063001052696', 'Supadiyanto', '5', NULL),
('3404060408720001', '3404063001057347', 'Dedi Apriyanto', '6', NULL),
('3404060412660003', '3404061502080100', 'Joko Sutrisno', '6', NULL),
('3404060505800001', '3404061604120017', 'M. Sainuri', '1', NULL),
('3404060507260001', '3404061604120021', 'Tuminem', '2', NULL),
('3404060508660001', '3404063001053420', 'Kusnadi', '3', NULL),
('3404060604670001', '3404063001052705', 'Sugeng Lestari', '5', NULL),
('3404060606890005', '3404061901150012', 'Zeppy Cindi Nofiantoko', '2', NULL),
('3404060608660001', '3404063001053400', 'Ngadiran Susanto', '3', NULL),
('3404060702740001', '3404063001053422', 'Trisno Sunyoto', '3', NULL),
('3404060706460001', '3404063001052677', 'Wagiran', '6', NULL),
('3404060806860005', '3404061105120012', 'Janu Jatmika', '3', NULL),
('3404060812680001', '3404063001053413', 'Ngatimin', '3', NULL),
('3404060904510001', '3404063001052700', 'Yudi Prastowo', '5', NULL),
('3404060904660002', '3404062607100006', 'Tukiran', '4', NULL),
('3404060911880001', '3404063103170006', 'Prastya Danang Setiawan', '4', NULL),
('3404061002840004', '3404062203130005', 'Gunadi', '5', NULL),
('3404061007430001', '3404063001053370', 'Marto Kardjono', '4', NULL),
('3404061008760006', '3404060903070012', 'Sapto Raharjo', '6', NULL),
('3404061009890001', '3404062506130001', 'Wikan Ina Afika', '3', NULL),
('3404061010800010', '3404060510110004', 'Sukari', '4', NULL),
('3404061011510001', '3404063001053404', 'H. Aris Munandar', '2', NULL),
('3404061012750001', '3404061502080089', 'Sarbini', '5', NULL),
('3404061111790001', '3404061812170003', 'Kris Mahardi', '1', NULL),
('3404061112700007', '3404061112080010', 'Priyo Nugroho', '6', NULL),
('3404061112800001', '3404061502080078', 'Delakon', '2', NULL),
('3404061201720001', '3404063001053415', 'Wahyu Nugroho', '2', NULL),
('3404061203640001', '3404063001053383', 'Mujari', '4', NULL),
('3404061206930004', '3404062307180024', 'Khusrul Ardy Susanto', '3', NULL),
('3404061208640001', '3404063001053391', 'Boiman', '2', NULL),
('3404061212510001', '3404063001052695', 'Sarno', '5', NULL),
('3404061303620003', '3404063103060044', 'Murdiyanto', '2', NULL),
('3404061303730001', '3404062606080010', 'Sapardi Suyanto', '4', NULL),
('3404061304740001', '3404063001052688', 'Dwi Sutrisno', '6', NULL),
('3404061305530001', '3404063001052683', 'Tukimin', '6', NULL),
('3404061305840007', '3404062909100002', 'Yoko Untoro', '2', NULL),
('3404061307830003', '3404062312140013', 'Eko Rizal Kurniawan', '2', NULL),
('3404061502080091', '3404061502080091', 'Murni', '4', NULL),
('3404061506620003', '3404063001053390', 'Slamet', '2', NULL),
('3404061507630001', '3404063001052686', 'Sarjono', '6', NULL),
('3404061507760001', '3404063001053369', 'Gatot Sugiharto', '4', NULL),
('3404061509770002', '3404063001052714', 'Indro Saputro Purwo Nugroho', '4', NULL),
('3404061511760002', '3404061502080068', 'Nur Sidiq Susilo', '3', NULL),
('3404061602770004', '3404061704150003', 'Parjiyo', '5', NULL),
('3404061608740001', '3404063001052681', 'Heri Yuwono', '6', NULL),
('3404061612540001', '3404063001052692', 'Nur Hadi Prayitno', '1', NULL),
('3404061706640004', '3404063001053405', 'Sumarwan', '3', NULL),
('3404061706820001', '3404060508090008', 'Abdul Rachman', '5', NULL),
('3404061708740001', '3404063001053367', 'Murdiasih', '4', NULL),
('3404061709870005', '3404062811130004', 'Rahmat Santoso', '5', NULL),
('3404061803640001', '3404060904120018', 'Samsudi', '4', NULL),
('3404061804540001', '3404063001052682', 'Ponidjan', '6', NULL),
('3404061804800001', '3404063001053387', 'Johan Sumarjoko', '2', NULL),
('3404062002430002', '3404063001052703', 'Sukardiharjo Kasiman', '5', NULL),
('3404062008600001', '3404063001053371', 'Tumin', '4', NULL),
('3404062101690001', '3404063001052704', 'Sumino', '5', NULL),
('3404062103930002', '3404062503190013', 'Yaqi Kurnia Makasa', '3', NULL),
('3404062109460001', '3404063001053366', 'Sumarjo Hadi Sarjono', '4', NULL),
('3404062201730003', '3404062610070012', 'Prastyo Sri Haryanto', '3', NULL),
('3404062201900002', '3404062102110002', 'Agung Wicaksono Nur Syaifullah', '4', NULL),
('3404062206810004', '3404061611070006', 'Eko Susanto', '5', NULL),
('3404062211670003', '3404060705090006', 'Budi Supomo', '6', NULL),
('3404062303780001', '3404062504090010', 'Ichwan Aktsar Huda', '3', NULL),
('3404062305810001', '3404060803130011', 'Sulistiyo Guntur Nugroho', '3', NULL),
('3404062308600002', '3404063001053395', 'Budiman', '1', NULL),
('3404062402800002', '3404061410140007', 'Suprapto', '4', NULL),
('3404062407520001', '3404063001053388', 'Kusman', '3', NULL),
('3404062507420001', '3404063108060057', 'H.Mochamad Hadi Sutrisno', '5', NULL),
('3404062512800002', '3404062604160003', 'Moh Anas Hanafi', '6', NULL),
('3404062603720002', '3404063001053424', 'Sartono', '6', NULL),
('3404062606580003', '3404063003070019', 'Suramin', '1', NULL),
('3404062609710001', '3404063001052709', 'Saryanto', '5', NULL),
('3404062701560001', '3404063001053411', 'Mujiyanto', '2', NULL),
('3404062702650001', '3404063001052702', 'Sumarjo', '5', NULL),
('3404062705840001', '3404061102110008', 'Abdul Rosid', '5', NULL),
('3404062710610003', '3404063001053373', 'Sugiman', '4', NULL),
('3404062801900001', '3306091305140001', 'Eli Machvuda Tama', '1', NULL),
('3404062802690007', '3404062403080004', 'Tri Rahutomo', '2', NULL),
('3404062804980003', '3404061706200001', 'Muhammad Reza Arizona', '3', NULL),
('3404062811560001', '3404063001052678', 'Ponimin', '6', NULL),
('3404062905810001', '3404060604110009', 'Nur Huda', '3', NULL),
('3404062909800006', '3404061502080081', 'Rio Iskandar', '2', NULL),
('3404063007760001', '3404060310070006', 'Anton Prasetyo', '4', NULL),
('3404063008950003', '3404060211170001', 'Tabah Saputro', '6', NULL),
('3404063010750001', '3404063001052717', 'Agung Purwono', '4', NULL),
('3404063010790005', '3404061502080103', 'Supriyanto', '6', NULL),
('3404063012660001', '3404063001053403', 'Sukijo', '3', NULL),
('3404063107770001', '3404063001052715', 'Suharno', '5', NULL),
('3404063112540003', '3404063001053379', 'Ngadiyo', '4', NULL),
('3404063112570002', '3404043001053393', 'Bejo', '1', NULL),
('3404063112610001', '3404063001052689', 'Teguh Raharjo', '6', NULL),
('3404063112630001', '3404063001052685', 'Rubiyo', '6', NULL),
('3404063112660024', '3404062411060011', 'Ratin Suharyanto', '6', NULL),
('3404063112830013', '3404061909110006', 'Yance Kusbiyantoro', '4', NULL),
('3404064106850010', '3404060908180002', 'Liya Suci Astiwi', '3', NULL),
('3404064610540001', '3404063001053398', 'Suratmi', '1', NULL),
('3404065205680001', '3404063011180003', 'Sutinik', '3', NULL),
('3404065508659994', '3404061609150005', 'Kalimatun Syadiyah', '1', NULL),
('3404065703650001', '3404062711140003', 'Asiyah', '3', NULL),
('3404066211650001', '3404062812110003', 'Parjiyem', '4', NULL),
('3404067112530010', '3404063001053421', 'Parinem', '1', NULL),
('3404068209310002', '3404060303070004', 'Ny. Atemo Utomo', '1', NULL),
('3404070107830656', '3404060610100011', 'Ade Sopian', '2', NULL),
('3404071902829913', '3404060610160006', 'Supono', '2', NULL),
('3404080406620001', '3404063001053419', 'H.M Sungkono', '2', NULL),
('3404081212620001', '3404063001052713', 'Sariman', '4', NULL),
('3471011710780001', '3471010509020052', 'Rinto', '4', NULL),
('3471012603600002', '3471012108961684', 'Sumarso', '6', NULL),
('3471016205780004', '3404062210150001', 'Sutariyani', '4', NULL),
('3471020101770001', '3471021010120003', 'Fitri Subiantoro', '5', NULL),
('3471040502780002', '34710l1207180004', 'Tri Nugroho Gatot Sunaryo', '4', NULL),
('3471050908610001', '3471052301030023', 'Harjono', '1', NULL),
('3471051211690001', '3471050409010254', 'Heri Yudanto', '5', NULL),
('3471051304800001', '3471051304050067', 'Widodo', '4', NULL),
('3471051403760001', '3471051604140003', 'Rahmad Eling Cahyadi', '1', NULL),
('3471123006600001', '3471122110980595', 'Bartimeus Cahaya Hahijary', '1', NULL),
('3510203001880004', '3471081211130007', 'Joko Crisma', '1', NULL),
('6104045810810001', '3404061509160007', 'Nur Afni Oktavia Farisyah', '3', NULL);

-- --------------------------------------------------------

--
-- Table structure for table `kriteria`
--

CREATE TABLE `kriteria` (
  `id_kriteria` tinyint(4) NOT NULL,
  `nama_kriteria` varchar(40) DEFAULT NULL,
  `bobot` float DEFAULT NULL,
  `atribut` enum('Benefit','Cost') DEFAULT NULL
) ENGINE=InnoDB DEFAULT CHARSET=utf8mb4;

--
-- Dumping data for table `kriteria`
--

INSERT INTO `kriteria` (`id_kriteria`, `nama_kriteria`, `bobot`, `atribut`) VALUES
(5, 'Total Gaji', 0.3, 'Cost'),
(6, 'Tanggungan Anak', 0.2, 'Benefit'),
(7, 'Tegangan Listrik', 0.15, 'Cost'),
(8, 'Status Rumah', 0.15, 'Benefit'),
(9, 'Status Lahan', 0.1, 'Benefit');

-- --------------------------------------------------------

--
-- Table structure for table `nilai`
--

CREATE TABLE `nilai` (
  `id_nilai` smallint(6) NOT NULL,
  `nik` char(16) DEFAULT NULL,
  `id_sub_kriteria` tinyint(4) DEFAULT NULL
) ENGINE=InnoDB DEFAULT CHARSET=utf8mb4;

--
-- Dumping data for table `nilai`
--

INSERT INTO `nilai` (`id_nilai`, `nik`, `id_sub_kriteria`) VALUES
(88, '3404063010750001', 13),
(89, '3404063010750001', 24),
(90, '3404063010750001', 27),
(91, '3404063010750001', 32),
(92, '3404063010750001', 34),
(93, '3404060207990002', 19),
(94, '3404060207990002', 21),
(95, '3404060207990002', 29),
(96, '3404060207990002', 32),
(97, '3404060207990002', 34),
(98, '3404062201900002', 18),
(99, '3404062201900002', 22),
(100, '3404062201900002', 27),
(101, '3404062201900002', 31),
(102, '3404062201900002', 33),
(103, '3404063007760001', 19),
(104, '3404063007760001', 23),
(105, '3404063007760001', 29),
(106, '3404063007760001', 32),
(107, '3404063007760001', 34),
(108, '3327090112870012', 18),
(109, '3327090112870012', 21),
(110, '3327090112870012', 27),
(111, '3327090112870012', 32),
(112, '3327090112870012', 34),
(113, '3404060403830001', 19),
(114, '3404060403830001', 21),
(115, '3404060403830001', 30),
(116, '3404060403830001', 32),
(117, '3404060403830001', 34),
(123, '3404061507760001', 16),
(124, '3404061507760001', 23),
(125, '3404061507760001', 27),
(126, '3404061507760001', 32),
(127, '3404061507760001', 34),
(128, '3404061509770002', 17),
(129, '3404061509770002', 21),
(130, '3404061509770002', 26),
(131, '3404061509770002', 32),
(132, '3404061509770002', 33),
(133, '3404060407450001', 13),
(134, '3404060407450001', 21),
(135, '3404060407450001', 27),
(136, '3404060407450001', 32),
(137, '3404060407450001', 34),
(138, '3325150101070001', 17),
(139, '3325150101070001', 23),
(140, '3325150101070001', 28),
(141, '3325150101070001', 32),
(142, '3325150101070001', 34),
(143, '3404060103630002', 17),
(144, '3404060103630002', 22),
(145, '3404060103630002', 28),
(146, '3404060103630002', 32),
(147, '3404060103630002', 34),
(148, '3404061007430001', 16),
(149, '3404061007430001', 21),
(150, '3404061007430001', 28),
(151, '3404061007430001', 32),
(152, '3404061007430001', 34),
(153, '3404060202590001', 18),
(154, '3404060202590001', 22),
(155, '3404060202590001', 28),
(156, '3404060202590001', 32),
(157, '3404060202590001', 34),
(158, '3404061203640001', 18),
(159, '3404061203640001', 23),
(160, '3404061203640001', 27),
(161, '3404061203640001', 32),
(162, '3404061203640001', 34),
(163, '3404061708740001', 13),
(164, '3404061708740001', 24),
(165, '3404061708740001', 27),
(166, '3404061708740001', 32),
(167, '3404061708740001', 34),
(168, '3404061502080091', 13),
(169, '3404061502080091', 21),
(170, '3404061502080091', 27),
(171, '3404061502080091', 32),
(172, '3404061502080091', 34),
(173, '3404063112540003', 13),
(174, '3404063112540003', 21),
(175, '3404063112540003', 27),
(176, '3404063112540003', 32),
(177, '3404063112540003', 34),
(178, '3404066211650001', 16),
(179, '3404066211650001', 21),
(180, '3404066211650001', 27),
(181, '3404066211650001', 32),
(182, '3404066211650001', 34),
(183, '3404061803640001', 13),
(184, '3404061803640001', 22),
(185, '3404061803640001', 27),
(186, '3404061803640001', 32),
(187, '3404061803640001', 34),
(188, '3404060911880001', 17),
(189, '3404060911880001', 21),
(190, '3404060911880001', 27),
(191, '3404060911880001', 32),
(192, '3404060911880001', 34),
(193, '3404061303730001', 17),
(194, '3404061303730001', 21),
(195, '3404061303730001', 27),
(196, '3404061303730001', 32),
(197, '3404061303730001', 34),
(198, '3404081212620001', 17),
(199, '3404081212620001', 22),
(200, '3404081212620001', 27),
(201, '3404081212620001', 32),
(202, '3404081212620001', 34),
(203, '1671191904950004', 17),
(204, '1671191904950004', 22),
(205, '1671191904950004', 27),
(206, '1671191904950004', 32),
(207, '1671191904950004', 34),
(208, '3404060207840001', 17),
(209, '3404060207840001', 23),
(210, '3404060207840001', 28),
(211, '3404060207840001', 32),
(212, '3404060207840001', 34),
(213, '3404062710610003', 16),
(214, '3404062710610003', 23),
(215, '3404062710610003', 27),
(216, '3404062710610003', 32),
(217, '3404062710610003', 34),
(218, '3471011710780001', 18),
(219, '3471011710780001', 22),
(220, '3471011710780001', 27),
(221, '3471011710780001', 31),
(222, '3471011710780001', 33),
(223, '3404061010800010', 17),
(224, '3404061010800010', 22),
(225, '3404061010800010', 29),
(226, '3404061010800010', 32),
(227, '3404061010800010', 34),
(228, '3404062109460001', 16),
(229, '3404062109460001', 21),
(230, '3404062109460001', 28),
(231, '3404062109460001', 32),
(232, '3404062109460001', 34),
(233, '3404062402800002', 16),
(234, '3404062402800002', 21),
(235, '3404062402800002', 27),
(236, '3404062402800002', 32),
(237, '3404062402800002', 34),
(238, '3471016205780004', 17),
(239, '3471016205780004', 21),
(240, '3471016205780004', 27),
(241, '3471016205780004', 32),
(242, '3471016205780004', 34),
(243, '3471040502780002', 17),
(244, '3471040502780002', 21),
(245, '3471040502780002', 27),
(246, '3471040502780002', 31),
(247, '3471040502780002', 33),
(248, '3404060904660002', 17),
(249, '3404060904660002', 23),
(250, '3404060904660002', 28),
(251, '3404060904660002', 32),
(252, '3404060904660002', 34),
(253, '3404062008600001', 18),
(254, '3404062008600001', 22),
(255, '3404062008600001', 28),
(256, '3404062008600001', 32),
(257, '3404062008600001', 34),
(258, '3471051304800001', 17),
(259, '3471051304800001', 22),
(260, '3471051304800001', 27),
(261, '3471051304800001', 31),
(262, '3471051304800001', 33),
(263, '3404063112830013', 19),
(264, '3404063112830013', 21),
(265, '3404063112830013', 29),
(266, '3404063112830013', 32),
(267, '3404063112830013', 34),
(268, '3404060303700001', 16),
(269, '3404060303700001', 24),
(270, '3404060303700001', 28),
(271, '3404060303700001', 32),
(272, '3404060303700001', 34),
(273, '3404061509770002', 17),
(279, '3471123006600001', 17),
(280, '3471123006600001', 22),
(281, '3471123006600001', 28),
(282, '3471123006600001', 32),
(283, '3471123006600001', 34),
(284, '3404060208830001', 16),
(285, '3404060208830001', 22),
(286, '3404060208830001', 27),
(287, '3404060208830001', 32),
(288, '3404060208830001', 34),
(289, '3404061706820001', 17),
(290, '3404061706820001', 22),
(291, '3404061706820001', 28),
(292, '3404061706820001', 32),
(293, '3404061706820001', 34),
(294, '3404062705840001', 17),
(295, '3404062705840001', 22),
(296, '3404062705840001', 27),
(297, '3404062705840001', 32),
(298, '3404062705840001', 34),
(299, '3404070107830656', 19),
(300, '3404070107830656', 23),
(301, '3404070107830656', 30),
(302, '3404070107830656', 32),
(303, '3404070107830656', 34),
(304, '3404065703650001', 13),
(305, '3404065703650001', 21),
(306, '3404065703650001', 27),
(307, '3404065703650001', 32),
(308, '3404065703650001', 34),
(309, '3404063112570002', 16),
(310, '3404063112570002', 21),
(311, '3404063112570002', 27),
(312, '3404063112570002', 32),
(313, '3404063112570002', 34),
(314, '3404061208640001', 18),
(315, '3404061208640001', 23),
(316, '3404061208640001', 28),
(317, '3404061208640001', 32),
(318, '3404061208640001', 34),
(319, '3404062211670003', 19),
(320, '3404062211670003', 21),
(321, '3404062211670003', 30),
(322, '3404062211670003', 32),
(323, '3404062211670003', 34),
(324, '3404062308600002', 17),
(325, '3404062308600002', 23),
(326, '3404062308600002', 28),
(327, '3404062308600002', 32),
(328, '3404062308600002', 33),
(329, '3403083012690002', 17),
(330, '3403083012690002', 22),
(331, '3403083012690002', 27),
(332, '3403083012690002', 31),
(333, '3403083012690002', 33),
(334, '3404060408720001', 18),
(335, '3404060408720001', 22),
(336, '3404060408720001', 28),
(337, '3404060408720001', 32),
(338, '3404060408720001', 34),
(339, '3404061112800001', 17),
(340, '3404061112800001', 22),
(341, '3404061112800001', 28),
(342, '3404061112800001', 32),
(343, '3404061112800001', 34),
(344, '3402150502850002', 17),
(345, '3402150502850002', 21),
(346, '3402150502850002', 28),
(347, '3402150502850002', 32),
(348, '3402150502850002', 34),
(349, '3404061304740001', 17),
(350, '3404061304740001', 22),
(351, '3404061304740001', 27),
(352, '3404061304740001', 32),
(353, '3404061304740001', 34),
(354, '3404060108830001', 17),
(355, '3404060108830001', 22),
(356, '3404060108830001', 28),
(357, '3404060108830001', 31),
(358, '3404060108830001', 33),
(359, '3404061002840004', 17),
(360, '3404061002840004', 22),
(361, '3404061002840004', 28),
(362, '3404061002840004', 32),
(363, '3404061002840004', 34),
(364, '3404060407690002', 17),
(365, '3404060407690002', 24),
(366, '3404060407690002', 28),
(367, '3404060407690002', 32),
(368, '3404060407690002', 34),
(369, '3471020101770001', 19),
(370, '3471020101770001', 22),
(371, '3471020101770001', 29),
(372, '3471020101770001', 32),
(373, '3471020101770001', 34),
(374, '3404061307830003', 18),
(375, '3404061307830003', 22),
(376, '3404061307830003', 28),
(377, '3404061307830003', 32),
(378, '3404061307830003', 34),
(379, '3404062206810004', 17),
(380, '3404062206810004', 22),
(381, '3404062206810004', 27),
(382, '3404062206810004', 32),
(383, '3404062206810004', 34),
(384, '3404062801900001', 18),
(385, '3404062801900001', 22),
(386, '3404062801900001', 28),
(387, '3404062801900001', 31),
(388, '3404062801900001', 33),
(389, '3403110707790001', 17),
(390, '3403110707790001', 24),
(391, '3403110707790001', 27),
(392, '3403110707790001', 32),
(393, '3403110707790001', 34),
(394, '3404061011510001', 17),
(395, '3404061011510001', 21),
(396, '3404061011510001', 28),
(397, '3404061011510001', 32),
(398, '3404061011510001', 34),
(399, '3404080406620001', 18),
(400, '3404080406620001', 23),
(401, '3404080406620001', 29),
(402, '3404080406620001', 32),
(403, '3404080406620001', 34),
(404, '3404062507420001', 17),
(405, '3404062507420001', 22),
(406, '3404062507420001', 28),
(407, '3404062507420001', 32),
(408, '3404062507420001', 34),
(409, '3471050908610001', 17),
(410, '3471050908610001', 23),
(411, '3471050908610001', 28),
(412, '3471050908610001', 31),
(413, '3471050908610001', 33),
(414, '3404060306890004', 16),
(415, '3404060306890004', 21),
(416, '3404060306890004', 27),
(417, '3404060306890004', 32),
(418, '3404060306890004', 34),
(419, '3404062303780001', 17),
(420, '3404062303780001', 22),
(421, '3404062303780001', 28),
(422, '3404062303780001', 31),
(423, '3404062303780001', 33),
(424, '3471051211690001', 17),
(425, '3471051211690001', 22),
(426, '3471051211690001', 27),
(427, '3471051211690001', 32),
(428, '3471051211690001', 34),
(429, '3404060806860005', 17),
(430, '3404060806860005', 22),
(431, '3404060806860005', 27),
(432, '3404060806860005', 32),
(433, '3404060806860005', 33),
(434, '3404061804800001', 17),
(435, '3404061804800001', 24),
(436, '3404061804800001', 28),
(437, '3404061804800001', 32),
(438, '3404061804800001', 34),
(439, '3510203001880004', 18),
(440, '3510203001880004', 21),
(441, '3510203001880004', 28),
(442, '3510203001880004', 32),
(443, '3510203001880004', 34),
(444, '3404061608740001', 17),
(445, '3404061608740001', 22),
(446, '3404061608740001', 27),
(447, '3404061608740001', 32),
(448, '3404061608740001', 34),
(449, '3404060412660003', 18),
(450, '3404060412660003', 22),
(451, '3404060412660003', 29),
(452, '3404060412660003', 32),
(453, '3404060412660003', 34),
(454, '3404065508659994', 13),
(455, '3404065508659994', 21),
(456, '3404065508659994', 27),
(457, '3404065508659994', 32),
(458, '3404065508659994', 34),
(459, '3404061206930004', 19),
(460, '3404061206930004', 21),
(461, '3404061206930004', 29),
(462, '3404061206930004', 32),
(463, '3404061206930004', 34),
(464, '3404061111790001', 17),
(465, '3404061111790001', 21),
(466, '3404061111790001', 27),
(467, '3404061111790001', 32),
(468, '3404061111790001', 34),
(469, '3404062407520001', 18),
(470, '3404062407520001', 21),
(471, '3404062407520001', 28),
(472, '3404062407520001', 32),
(473, '3404062407520001', 34),
(474, '3404060508660001', 19),
(475, '3404060508660001', 23),
(476, '3404060508660001', 30),
(477, '3404060508660001', 32),
(478, '3404060508660001', 34),
(479, '3404064106850010', 17),
(480, '3404064106850010', 21),
(481, '3404064106850010', 27),
(482, '3404064106850010', 32),
(483, '3404064106850010', 34),
(484, '3404060505800001', 17),
(485, '3404060505800001', 21),
(486, '3404060505800001', 27),
(487, '3404060505800001', 32),
(488, '3404060505800001', 34),
(489, '3404062512800002', 17),
(490, '3404062512800002', 23),
(491, '3404062512800002', 27),
(492, '3404062512800002', 32),
(493, '3404062512800002', 34),
(494, '3404062804980003', 17),
(495, '3404062804980003', 22),
(496, '3404062804980003', 29),
(497, '3404062804980003', 32),
(498, '3404062804980003', 34),
(499, '3404062701560001', 18),
(500, '3404062701560001', 23),
(501, '3404062701560001', 28),
(502, '3404062701560001', 32),
(503, '3404062701560001', 34),
(504, '3404061303620003', 17),
(505, '3404061303620003', 23),
(506, '3404061303620003', 28),
(507, '3404061303620003', 32),
(508, '3404061303620003', 34),
(509, '3404060303810001', 17),
(510, '3404060303810001', 23),
(511, '3404060303810001', 29),
(512, '3404060303810001', 32),
(513, '3404060303810001', 34),
(514, '3404060608660001', 17),
(515, '3404060608660001', 22),
(516, '3404060608660001', 28),
(517, '3404060608660001', 32),
(518, '3404060608660001', 33),
(519, '3404060812680001', 17),
(520, '3404060812680001', 24),
(521, '3404060812680001', 28),
(522, '3404060812680001', 32),
(523, '3404060812680001', 34),
(524, '6104045810810001', 17),
(525, '6104045810810001', 22),
(526, '6104045810810001', 28),
(527, '6104045810810001', 31),
(528, '6104045810810001', 33),
(529, '3404061612540001', 17),
(530, '3404061612540001', 24),
(531, '3404061612540001', 28),
(532, '3404061612540001', 32),
(533, '3404061612540001', 34),
(534, '3404062905810001', 17),
(535, '3404062905810001', 24),
(536, '3404062905810001', 28),
(537, '3404062905810001', 31),
(538, '3404062905810001', 33),
(539, '3404061511760002', 18),
(540, '3404061511760002', 23),
(541, '3404061511760002', 28),
(542, '3404061511760002', 32),
(543, '3404061511760002', 33),
(544, '3404068209310002', 13),
(545, '3404068209310002', 22),
(546, '3404068209310002', 27),
(547, '3404068209310002', 32),
(548, '3404068209310002', 34),
(549, '3404067112530010', 16),
(550, '3404067112530010', 22),
(551, '3404067112530010', 28),
(552, '3404067112530010', 32),
(553, '3404067112530010', 34),
(554, '3404061602770004', 17),
(555, '3404061602770004', 22),
(556, '3404061602770004', 28),
(557, '3404061602770004', 32),
(558, '3404061602770004', 34),
(559, '3404061804540001', 17),
(560, '3404061804540001', 22),
(561, '3404061804540001', 28),
(562, '3404061804540001', 32),
(563, '3404061804540001', 34),
(564, '3404062811560001', 18),
(565, '3404062811560001', 23),
(566, '3404062811560001', 28),
(567, '3404062811560001', 32),
(568, '3404062811560001', 34),
(569, '3404062201730003', 17),
(570, '3404062201730003', 22),
(571, '3404062201730003', 28),
(572, '3404062201730003', 31),
(573, '3404062201730003', 33),
(574, '3404061112700007', 18),
(575, '3404061112700007', 22),
(576, '3404061112700007', 28),
(577, '3404061112700007', 32),
(578, '3404061112700007', 34),
(579, '3471051403760001', 19),
(580, '3471051403760001', 21),
(581, '3471051403760001', 29),
(582, '3471051403760001', 32),
(583, '3471051403760001', 33),
(584, '3404061709870005', 17),
(585, '3404061709870005', 23),
(586, '3404061709870005', 28),
(587, '3404061709870005', 32),
(588, '3404061709870005', 34),
(589, '3404063112660024', 17),
(590, '3404063112660024', 22),
(591, '3404063112660024', 27),
(592, '3404063112660024', 32),
(593, '3404063112660024', 34),
(594, '3404062909800006', 17),
(595, '3404062909800006', 23),
(596, '3404062909800006', 27),
(597, '3404062909800006', 32),
(598, '3404062909800006', 34),
(599, '3404063112630001', 18),
(600, '3404063112630001', 22),
(601, '3404063112630001', 29),
(602, '3404063112630001', 32),
(603, '3404063112630001', 33),
(604, '3404061008760006', 17),
(605, '3404061008760006', 22),
(606, '3404061008760006', 27),
(607, '3404061008760006', 31),
(608, '3404061008760006', 33),
(609, '3404061012750001', 18),
(610, '3404061012750001', 23),
(611, '3404061012750001', 28),
(612, '3404061012750001', 32),
(613, '3404061012750001', 34),
(614, '3404061507630001', 17),
(615, '3404061507630001', 23),
(616, '3404061507630001', 27),
(617, '3404061507630001', 32),
(618, '3404061507630001', 34),
(619, '3404061212510001', 17),
(620, '3404061212510001', 22),
(621, '3404061212510001', 28),
(622, '3404061212510001', 32),
(623, '3404061212510001', 34),
(624, '3404062603720002', 17),
(625, '3404062603720002', 22),
(626, '3404062603720002', 27),
(627, '3404062603720002', 32),
(628, '3404062603720002', 33),
(629, '3404062609710001', 18),
(630, '3404062609710001', 22),
(631, '3404062609710001', 28),
(632, '3404062609710001', 32),
(633, '3404062609710001', 34),
(634, '3404023006750002', 17),
(635, '3404023006750002', 23),
(636, '3404023006750002', 28),
(637, '3404023006750002', 32),
(638, '3404023006750002', 34),
(639, '3404061506620003', 17),
(640, '3404061506620003', 23),
(641, '3404061506620003', 27),
(642, '3404061506620003', 32),
(643, '3404061506620003', 34),
(644, '3404060604670001', 17),
(645, '3404060604670001', 23),
(646, '3404060604670001', 28),
(647, '3404060604670001', 32),
(648, '3404060604670001', 34),
(649, '3404060407510002', 17),
(650, '3404060407510002', 22),
(651, '3404060407510002', 27),
(652, '3404060407510002', 32),
(653, '3404060407510002', 33),
(654, '3404063107770001', 17),
(655, '3404063107770001', 22),
(656, '3404063107770001', 27),
(657, '3404063107770001', 32),
(658, '3404063107770001', 34),
(659, '3404062002430002', 18),
(660, '3404062002430002', 22),
(661, '3404062002430002', 28),
(662, '3404062002430002', 32),
(663, '3404062002430002', 34),
(664, '3404063012660001', 18),
(665, '3404063012660001', 23),
(666, '3404063012660001', 28),
(667, '3404063012660001', 32),
(668, '3404063012660001', 34),
(669, '3404062305810001', 16),
(670, '3404062305810001', 22),
(671, '3404062305810001', 27),
(672, '3404062305810001', 32),
(673, '3404062305810001', 34),
(674, '3404062702650001', 18),
(675, '3404062702650001', 23),
(676, '3404062702650001', 29),
(677, '3404062702650001', 32),
(678, '3404062702650001', 34),
(679, '3471012603600002', 18),
(680, '3471012603600002', 23),
(681, '3471012603600002', 28),
(682, '3471012603600002', 32),
(683, '3471012603600002', 34),
(684, '3404061706640004', 17),
(685, '3404061706640004', 23),
(686, '3404061706640004', 27),
(687, '3404061706640004', 32),
(688, '3404061706640004', 34),
(689, '3404062101690001', 18),
(690, '3404062101690001', 23),
(691, '3404062101690001', 29),
(692, '3404062101690001', 32),
(693, '3404062101690001', 34),
(694, '3404060407690005', 17),
(695, '3404060407690005', 22),
(696, '3404060407690005', 27),
(697, '3404060407690005', 32),
(698, '3404060407690005', 34),
(699, '3404060101700001', 16),
(700, '3404060101700001', 21),
(701, '3404060101700001', 27),
(702, '3404060101700001', 32),
(703, '3404060101700001', 34),
(704, '3404071902829913', 17),
(705, '3404071902829913', 22),
(706, '3404071902829913', 27),
(707, '3404071902829913', 31),
(708, '3404071902829913', 33),
(714, '3404063010790005', 17),
(715, '3404063010790005', 22),
(716, '3404063010790005', 27),
(717, '3404063010790005', 32),
(718, '3404063010790005', 33),
(719, '3404062606580003', 17),
(720, '3404062606580003', 21),
(721, '3404062606580003', 28),
(722, '3404062606580003', 32),
(723, '3404062606580003', 34),
(724, '3404064610540001', 17),
(725, '3404064610540001', 22),
(726, '3404064610540001', 27),
(727, '3404064610540001', 32),
(728, '3404064610540001', 34),
(729, '3404065205680001', 17),
(730, '3404065205680001', 24),
(731, '3404065205680001', 27),
(732, '3404065205680001', 32),
(733, '3404065205680001', 34),
(734, '3401061005520001', 19),
(735, '3401061005520001', 23),
(736, '3401061005520001', 29),
(737, '3401061005520001', 32),
(738, '3401061005520001', 34),
(739, '3404060206540001', 17),
(740, '3404060206540001', 23),
(741, '3404060206540001', 27),
(742, '3404060206540001', 32),
(743, '3404060206540001', 34),
(744, '3404062802690007', 17),
(745, '3404062802690007', 22),
(746, '3404062802690007', 28),
(747, '3404062802690007', 32),
(748, '3404062802690007', 34),
(749, '3404063008950003', 18),
(750, '3404063008950003', 21),
(751, '3404063008950003', 29),
(752, '3404063008950003', 32),
(753, '3404063008950003', 34),
(754, '3404063112610001', 18),
(755, '3404063112610001', 22),
(756, '3404063112610001', 28),
(757, '3404063112610001', 32),
(758, '3404063112610001', 34),
(759, '3404060702740001', 19),
(760, '3404060702740001', 23),
(761, '3404060702740001', 27),
(762, '3404060702740001', 32),
(763, '3404060702740001', 34),
(764, '3404061201720001', 19),
(765, '3404061201720001', 24),
(766, '3404061201720001', 30),
(767, '3404061201720001', 32),
(768, '3404061201720001', 34),
(769, '3404061305530001', 17),
(770, '3404061305530001', 22),
(771, '3404061305530001', 28),
(772, '3404061305530001', 31),
(773, '3404061305530001', 33),
(774, '3404060507260001', 16),
(775, '3404060507260001', 21),
(776, '3404060507260001', 27),
(777, '3404060507260001', 32),
(778, '3404060507260001', 34),
(779, '3404060706460001', 17),
(780, '3404060706460001', 23),
(781, '3404060706460001', 27),
(782, '3404060706460001', 32),
(783, '3404060706460001', 34),
(784, '3404061009890001', 19),
(785, '3404061009890001', 22),
(786, '3404061009890001', 30),
(787, '3404061009890001', 32),
(788, '3404061009890001', 34),
(789, '3324070401920002', 16),
(790, '3324070401920002', 21),
(791, '3324070401920002', 27),
(792, '3324070401920002', 31),
(793, '3324070401920002', 33),
(794, '3404062103930002', 17),
(795, '3404062103930002', 22),
(796, '3404062103930002', 27),
(797, '3404062103930002', 32),
(798, '3404062103930002', 34),
(799, '3312202203810001', 17),
(800, '3312202203810001', 22),
(801, '3312202203810001', 28),
(802, '3312202203810001', 32),
(803, '3312202203810001', 34),
(804, '3404061305840007', 17),
(805, '3404061305840007', 22),
(806, '3404061305840007', 27),
(807, '3404061305840007', 32),
(808, '3404061305840007', 34),
(809, '3404060904510001', 17),
(810, '3404060904510001', 22),
(811, '3404060904510001', 27),
(812, '3404060904510001', 32),
(813, '3404060904510001', 34),
(814, '1606010707670003', 17),
(815, '1606010707670003', 24),
(816, '1606010707670003', 28),
(817, '1606010707670003', 32),
(818, '1606010707670003', 34),
(819, '3404060606890005', 18),
(820, '3404060606890005', 21),
(821, '3404060606890005', 29),
(822, '3404060606890005', 32),
(823, '3404060606890005', 34);

-- --------------------------------------------------------

--
-- Table structure for table `sub_kriteria`
--

CREATE TABLE `sub_kriteria` (
  `id_sub_kriteria` tinyint(4) NOT NULL,
  `id_kriteria` tinyint(4) DEFAULT NULL,
  `nama_sub` varchar(50) DEFAULT NULL,
  `bobot_sub` float DEFAULT NULL
) ENGINE=InnoDB DEFAULT CHARSET=utf8mb4;

--
-- Dumping data for table `sub_kriteria`
--

INSERT INTO `sub_kriteria` (`id_sub_kriteria`, `id_kriteria`, `nama_sub`, `bobot_sub`) VALUES
(13, 5, '&lt;= Rp 1.000.000', 20),
(16, 5, '&lt;= Rp 1.500.000', 40),
(17, 5, '&lt;= Rp 3.000.000', 60),
(18, 5, '&lt;= Rp 4.500.000', 80),
(19, 5, '&gt; Rp 4.500.000', 100),
(21, 6, '1 Anak', 20),
(22, 6, '2 Anak', 40),
(23, 6, '3 Anak', 60),
(24, 6, '4 Anak', 80),
(25, 6, '&gt;4 Anak', 100),
(26, 7, '220 V', 20),
(27, 7, '450 V', 40),
(28, 7, '900 V', 60),
(29, 7, '1300 V', 80),
(30, 7, '&gt;1300 V', 100),
(31, 8, 'Sewa', 100),
(32, 8, 'Milik Sendiri', 50),
(33, 9, 'Sewa', 100),
(34, 9, 'Milik Sendiri', 50);

-- --------------------------------------------------------

--
-- Table structure for table `users`
--

CREATE TABLE `users` (
  `username` varchar(10) DEFAULT NULL,
  `password` char(60) DEFAULT NULL,
  `nama` varchar(40) DEFAULT NULL,
  `hak_akses` tinyint(4) DEFAULT NULL
) ENGINE=InnoDB DEFAULT CHARSET=utf8mb4;

--
-- Dumping data for table `users`
--

INSERT INTO `users` (`username`, `password`, `nama`, `hak_akses`) VALUES
('Admin', '$2y$10$tO0E8RoH4obFRXGbn0IX/eUnsPTTCBkjrFqLt2vMqXU3Qh0Olp0iS', 'Imams', 1),
('Admins', '$2y$10$9/wiJUWOJ8iUIzgvuV6Ha.BnNOZObZi98D78preTUn1.N4EwdOh3S', 'Bryant', 1);

--
-- Indexes for dumped tables
--

--
-- Indexes for table `keluarga`
--
ALTER TABLE `keluarga`
  ADD PRIMARY KEY (`nik`);

--
-- Indexes for table `kriteria`
--
ALTER TABLE `kriteria`
  ADD PRIMARY KEY (`id_kriteria`);

--
-- Indexes for table `nilai`
--
ALTER TABLE `nilai`
  ADD PRIMARY KEY (`id_nilai`),
  ADD KEY `id_sub_kriteria` (`id_sub_kriteria`),
  ADD KEY `nik` (`nik`);

--
-- Indexes for table `sub_kriteria`
--
ALTER TABLE `sub_kriteria`
  ADD PRIMARY KEY (`id_sub_kriteria`),
  ADD KEY `id_kriteria` (`id_kriteria`);

--
-- AUTO_INCREMENT for dumped tables
--

--
-- AUTO_INCREMENT for table `kriteria`
--
ALTER TABLE `kriteria`
  MODIFY `id_kriteria` tinyint(4) NOT NULL AUTO_INCREMENT, AUTO_INCREMENT=13;

--
-- AUTO_INCREMENT for table `nilai`
--
ALTER TABLE `nilai`
  MODIFY `id_nilai` smallint(6) NOT NULL AUTO_INCREMENT, AUTO_INCREMENT=824;

--
-- AUTO_INCREMENT for table `sub_kriteria`
--
ALTER TABLE `sub_kriteria`
  MODIFY `id_sub_kriteria` tinyint(4) NOT NULL AUTO_INCREMENT, AUTO_INCREMENT=38;

--
-- Constraints for dumped tables
--

--
-- Constraints for table `nilai`
--
ALTER TABLE `nilai`
  ADD CONSTRAINT `nilai_ibfk_1` FOREIGN KEY (`id_sub_kriteria`) REFERENCES `sub_kriteria` (`id_sub_kriteria`) ON DELETE CASCADE ON UPDATE CASCADE,
  ADD CONSTRAINT `nilai_ibfk_2` FOREIGN KEY (`nik`) REFERENCES `keluarga` (`nik`) ON DELETE CASCADE ON UPDATE CASCADE;

--
-- Constraints for table `sub_kriteria`
--
ALTER TABLE `sub_kriteria`
  ADD CONSTRAINT `sub_kriteria_ibfk_1` FOREIGN KEY (`id_kriteria`) REFERENCES `kriteria` (`id_kriteria`) ON DELETE CASCADE ON UPDATE CASCADE;
COMMIT;

/*!40101 SET CHARACTER_SET_CLIENT=@OLD_CHARACTER_SET_CLIENT */;
/*!40101 SET CHARACTER_SET_RESULTS=@OLD_CHARACTER_SET_RESULTS */;
/*!40101 SET COLLATION_CONNECTION=@OLD_COLLATION_CONNECTION */;
